{
	"credit": "Made with Blockbench",
	"texture_size": [32, 32],
	"textures": {
		"0": "item/survival_menu/item_survival_menu",
		"particle": "item/survival_menu/item_survival_menu"
	},
	"elements": [
		{
			"from": [4, 0, 8],
			"to": [12, 10, 12],
			"faces": {
				"north": {"uv": [10, 12, 6, 7], "texture": "#0"},
				"east": {"uv": [11, 8, 16, 10], "rotation": 90, "texture": "#0"},
				"south": {"uv": [6, 7, 10, 12], "texture": "#0"},
				"west": {"uv": [11, 6.5, 16, 8.5], "rotation": 90, "texture": "#0"},
				"up": {"uv": [9, 7, 5, 5], "texture": "#0"},
				"down": {"uv": [9, 5, 5, 7], "texture": "#0"}
			}
		},
		{
			"from": [4.1, 0.1, 8.6],
			"to": [11.9, 9.9, 11.4],
			"faces": {
				"north": {"uv": [12, 0, 16, 5], "texture": "#0"},
				"east": {"uv": [11, 5, 16, 6.5], "rotation": 90, "texture": "#0"},
				"south": {"uv": [12, 0, 16, 5], "texture": "#0"},
				"west": {"uv": [11, 5, 16, 6.5], "rotation": 90, "texture": "#0"},
				"up": {"uv": [16, 6.5, 12, 5], "texture": "#0"},
				"down": {"uv": [16, 5, 12, 6.5], "texture": "#0"}
			}
		}
	],
	"display": {
		"thirdperson_righthand": {
			"rotation": [0, 90, 0],
			"translation": [-3.25, 0, 0],
			"scale": [0.8, 0.8, 0.8]
		},
		"thirdperson_lefthand": {
			"rotation": [0, -90, 0],
			"translation": [0.5, 1.5, -1.5],
			"scale": [0.8, 0.8, 0.8]
		},
		"firstperson_righthand": {
			"translation": [1.75, 3.5, 0]
		},
		"firstperson_lefthand": {
			"translation": [7.5, 0, 0]
		},
		"gui": {
			"rotation": [14, 139, 6],
			"translation": [-1, 3, 0],
			"scale": [1.4, 1.4, 1.4]
		},
		"head": {
			"rotation": [90, 0, 0],
			"translation": [0, 11, 3.75],
			"scale": [1.3, 1.3, 1.3]
		},
		"fixed": {
			"translation": [0, 6.25, -6.75],
			"scale": [2, 2, 2]
		}
	}
}