{
    "model": {
        "type": "range_dispatch",
        "property": "custom_model_data",
        "fallback": {
            "type": "model",
            "model": "item/stick"
        },
        "entries": [
            {
                "threshold": 1,
                "model": {
                    "type": "model",
                    "model": "item/ui/space"
                }
            },
            {
                "threshold": 2,
                "model": {
                    "type": "model",
                    "model": "item/ui/item_coin"
                }
            },
            {
                "threshold": 4,
                "model": {
                    "type": "model",
                    "model": "item/therift_menu/locked"
                }
            },
            {
                "threshold": 5,
                "model": {
                    "type": "model",
                    "model": "item/therift_menu/mission_complete"
                }
            },
            {
                "threshold": 6,
                "model": {
                    "type": "model",
                    "model": "item/therift_menu/mission_start"
                }
            },
            {
                "threshold": 7,
                "model": {
                    "type": "model",
                    "model": "item/therift_menu/mission_started"
                }
            },
            {
                "threshold": 8,
                "model": {
                    "type": "model",
                    "model": "item/ui/button_next"
                }
            },
            {
                "threshold": 9,
                "model": {
                    "type": "model",
                    "model": "item/ui/button_previous"
                }
            },
            {
                "threshold": 10,
                "model": {
                    "type": "model",
                    "model": "item/survival_menu/item_survival_menu"
                }
            },
            {
                "threshold": 12,
                "model": {
                    "type": "model",
                    "model": "item/survival_menu/warps"
                }
            },
            {
                "threshold": 13,
                "model": {
                    "type": "model",
                    "model": "item/survival_menu/kits"
                }
            },
            {
                "threshold": 14,
                "model": {
                    "type": "model",
                    "model": "item/survival_menu/itemshop"
                }
            },
            {
                "threshold": 15,
                "model": {
                    "type": "model",
                    "model": "item/survival_menu/battlepass"
                }
            },
            {
                "threshold": 16,
                "model": {
                    "type": "model",
                    "model": "item/survival_menu/upgrades"
                }
            },
            {
                "threshold": 17,
                "model": {
                    "type": "model",
                    "model": "item/survival_menu/serverstore"
                }
            },
            {
                "threshold": 20,
                "model": {
                    "type": "model",
                    "model": "item/settings_menu/enabled"
                }
            },
            {
                "threshold": 21,
                "model": {
                    "type": "model",
                    "model": "item/settings_menu/disabled"
                }
            },
            {
                "threshold": 22,
                "model": {
                    "type": "model",
                    "model": "item/settings_menu/blocked"
                }
            },
            {
                "threshold": 25,
                "model": {
                    "type": "model",
                    "model": "item/store_menu/ranks/item_vip"
                }
            },
            {
                "threshold": 26,
                "model": {
                    "type": "model",
                    "model": "item/store_menu/ranks/item_mvp"
                }
            },
            {
                "threshold": 27,
                "model": {
                    "type": "model",
                    "model": "item/store_menu/ranks/item_pro"
                }
            },
            {
                "threshold": 30,
                "model": {
                    "type": "model",
                    "model": "item/store_menu/kits/item_knight"
                }
            },
            {
                "threshold": 31,
                "model": {
                    "type": "model",
                    "model": "item/store_menu/kits/item_dragon_slayer"
                }
            },
            {
                "threshold": 35,
                "model": {
                    "type": "model",
                    "model": "item/store_menu/others/dungeon_easy"
                }
            },
            {
                "threshold": 36,
                "model": {
                    "type": "model",
                    "model": "item/store_menu/others/dungeon_medium"
                }
            },
            {
                "threshold": 37,
                "model": {
                    "type": "model",
                    "model": "item/store_menu/others/dungeon_hard"
                }
            },
            {
                "threshold": 38,
                "model": {
                    "type": "model",
                    "model": "item/store_menu/others/daily_key"
                }
            },
            {
                "threshold": 39,
                "model": {
                    "type": "model",
                    "model": "item/store_menu/others/balanced_key"
                }
            },
            {
                "threshold": 40,
                "model": {
                    "type": "model",
                    "model": "item/store_menu/others/diversity_key"
                }
            },
            {
                "threshold": 41,
                "model": {
                    "type": "model",
                    "model": "item/store_menu/others/epic_key"
                }
            },
            {
                "threshold": 42,
                "model": {
                    "type": "model",
                    "model": "item/store_menu/others/coins"
                }
            },
            {
                "threshold": 43,
                "model": {
                    "type": "model",
                    "model": "item/store_menu/others/battlepass"
                }
            },
            {
                "threshold": 50,
                "model": {
                    "type": "model",
                    "model": "item/battlepass_menu/free_locked"
                }
            },
            {
                "threshold": 51,
                "model": {
                    "type": "model",
                    "model": "item/battlepass_menu/free_unlocked"
                }
            },
            {
                "threshold": 52,
                "model": {
                    "type": "model",
                    "model": "item/battlepass_menu/premium_locked"
                }
            },
            {
                "threshold": 53,
                "model": {
                    "type": "model",
                    "model": "item/battlepass_menu/premium_unlocked"
                }
            },
            {
                "threshold": 141,
                "model": {
                    "type": "model",
                    "model": "item/crates/keys/daily_key"
                }
            },
            {
                "threshold": 142,
                "model": {
                    "type": "model",
                    "model": "item/crates/keys/balanced_key"
                }
            },
            {
                "threshold": 143,
                "model": {
                    "type": "model",
                    "model": "item/crates/keys/diversity_key"
                }
            },
            {
                "threshold": 144,
                "model": {
                    "type": "model",
                    "model": "item/crates/keys/epic_key"
                }
            },
            {
                "threshold": 145,
                "model": {
                    "type": "model",
                    "model": "item/dungeons/easy_key"
                }
            },
            {
                "threshold": 146,
                "model": {
                    "type": "model",
                    "model": "item/dungeons/medium_key"
                }
            },
            {
                "threshold": 147,
                "model": {
                    "type": "model",
                    "model": "item/dungeons/hard_key"
                }
            },
            {
                "threshold": 200,
                "model": {
                    "type": "model",
                    "model": "item/crates/rewards/book1"
                }
            },
            {
                "threshold": 201,
                "model": {
                    "type": "model",
                    "model": "item/crates/rewards/book2"
                }
            },
            {
                "threshold": 202,
                "model": {
                    "type": "model",
                    "model": "item/crates/rewards/book3"
                }
            },
            {
                "threshold": 203,
                "model": {
                    "type": "model",
                    "model": "item/crates/rewards/book4"
                }
            },
            {
                "threshold": 204,
                "model": {
                    "type": "model",
                    "model": "item/crates/rewards/book5"
                }
            },
            {
                "threshold": 205,
                "model": {
                    "type": "model",
                    "model": "item/crates/rewards/coins"
                }
            },
            {
                "threshold": 300,
                "model": {
                    "type": "model",
                    "model": "item/warps_menu/items/item_dungeons"
                }
            },
            {
                "threshold": 301,
                "model": {
                    "type": "model",
                    "model": "item/warps_menu/items/item_mines"
                }
            },
            {
                "threshold": 302,
                "model": {
                    "type": "model",
                    "model": "item/warps_menu/items/item_farms"
                }
            },
            {
                "threshold": 303,
                "model": {
                    "type": "model",
                    "model": "item/warps_menu/items/item_arena"
                }
            },
            {
                "threshold": 304,
                "model": {
                    "type": "model",
                    "model": "item/warps_menu/items/item_auctions"
                }
            },
            {
                "threshold": 305,
                "model": {
                    "type": "model",
                    "model": "item/warps_menu/items/item_casino"
                }
            },
            {
                "threshold": 306,
                "model": {
                    "type": "model",
                    "model": "item/warps_menu/items/item_crates"
                }
            },
            {
                "threshold": 400,
                "model": {
                    "type": "model",
                    "model": "item/kits_menu/item_adventurer"
                }
            },
            {
                "threshold": 401,
                "model": {
                    "type": "model",
                    "model": "item/kits_menu/item_fighter"
                }
            },
            {
                "threshold": 402,
                "model": {
                    "type": "model",
                    "model": "item/kits_menu/item_worker"
                }
            },
            {
                "threshold": 403,
                "model": {
                    "type": "model",
                    "model": "item/kits_menu/item_vip"
                }
            },
            {
                "threshold": 404,
                "model": {
                    "type": "model",
                    "model": "item/kits_menu/item_mvp"
                }
            },
            {
                "threshold": 405,
                "model": {
                    "type": "model",
                    "model": "item/kits_menu/item_pro"
                }
            },
            {
                "threshold": 410,
                "model": {
                    "type": "model",
                    "model": "item/jobs_menu/items/miner"
                }
            },
            {
                "threshold": 411,
                "model": {
                    "type": "model",
                    "model": "item/jobs_menu/items/hunter"
                }
            },
            {
                "threshold": 412,
                "model": {
                    "type": "model",
                    "model": "item/jobs_menu/items/crafter"
                }
            },
            {
                "threshold": 413,
                "model": {
                    "type": "model",
                    "model": "item/jobs_menu/items/cook"
                }
            },
            {
                "threshold": 414,
                "model": {
                    "type": "model",
                    "model": "item/jobs_menu/items/woodcutter"
                }
            },
            {
                "threshold": 415,
                "model": {
                    "type": "model",
                    "model": "item/jobs_menu/items/builder"
                }
            },
            {
                "threshold": 416,
                "model": {
                    "type": "model",
                    "model": "item/jobs_menu/items/weaponsmith"
                }
            },
            {
                "threshold": 417,
                "model": {
                    "type": "model",
                    "model": "item/jobs_menu/items/digger"
                }
            },
            {
                "threshold": 418,
                "model": {
                    "type": "model",
                    "model": "item/jobs_menu/items/explorer"
                }
            },
            {
                "threshold": 419,
                "model": {
                    "type": "model",
                    "model": "item/jobs_menu/items/enchanter"
                }
            },
            {
                "threshold": 420,
                "model": {
                    "type": "model",
                    "model": "item/jobs_menu/items/farmer"
                }
            },
            {
                "threshold": 421,
                "model": {
                    "type": "model",
                    "model": "item/jobs_menu/items/fisherman"
                }
            },
            {
                "threshold": 422,
                "model": {
                    "type": "model",
                    "model": "item/jobs_menu/items/brewer"
                }
            },
            {
                "threshold": 423,
                "model": {
                    "type": "model",
                    "model": "item/jobs_menu/items/engineer"
                }
            },
            {
                "threshold": 450,
                "model": {
                    "type": "model",
                    "model": "item/auction_menu/buttons/back"
                }
            },
            {
                "threshold": 451,
                "model": {
                    "type": "model",
                    "model": "item/auction_menu/buttons/next_page"
                }
            },
            {
                "threshold": 452,
                "model": {
                    "type": "model",
                    "model": "item/auction_menu/buttons/previous_page"
                }
            },
            {
                "threshold": 453,
                "model": {
                    "type": "model",
                    "model": "item/auction_menu/buttons/bids"
                }
            },
            {
                "threshold": 454,
                "model": {
                    "type": "model",
                    "model": "item/auction_menu/buttons/manage_auctions"
                }
            },
            {
                "threshold": 455,
                "model": {
                    "type": "model",
                    "model": "item/auction_menu/buttons/deliveries"
                }
            },
            {
                "threshold": 456,
                "model": {
                    "type": "model",
                    "model": "item/auction_menu/buttons/auction_create"
                }
            },
            {
                "threshold": 457,
                "model": {
                    "type": "model",
                    "model": "item/auction_menu/buttons/auction_no_item"
                }
            },
            {
                "threshold": 480,
                "model": {
                    "type": "model",
                    "model": "item/rewards_menu/reward_redeemed"
                }
            },
            {
                "threshold": 501,
                "model": {
                    "type": "model",
                    "model": "item/casino/slots/seven"
                }
            },
            {
                "threshold": 502,
                "model": {
                    "type": "model",
                    "model": "item/casino/slots/cherries"
                }
            },
            {
                "threshold": 503,
                "model": {
                    "type": "model",
                    "model": "item/casino/slots/lemon"
                }
            },
            {
                "threshold": 504,
                "model": {
                    "type": "model",
                    "model": "item/casino/slots/plum"
                }
            },
            {
                "threshold": 505,
                "model": {
                    "type": "model",
                    "model": "item/casino/slots/melon"
                }
            },
            {
                "threshold": 506,
                "model": {
                    "type": "model",
                    "model": "item/casino/slots/star"
                }
            },
            {
                "threshold": 507,
                "model": {
                    "type": "model",
                    "model": "item/casino/slots/orange"
                }
            },
            {
                "threshold": 508,
                "model": {
                    "type": "model",
                    "model": "item/casino/slots/grapes"
                }
            },
            {
                "threshold": 509,
                "model": {
                    "type": "model",
                    "model": "item/casino/blackjacktable"
                }
            },
            {
                "threshold": 510,
                "model": {
                    "type": "model",
                    "model": "item/casino/carddeck"
                }
            },
            {
                "threshold": 511,
                "model": {
                    "type": "model",
                    "model": "item/casino/chair"
                }
            },
            {
                "threshold": 512,
                "model": {
                    "type": "model",
                    "model": "item/casino/crashgame"
                }
            },
            {
                "threshold": 513,
                "model": {
                    "type": "model",
                    "model": "item/casino/lotterymachine"
                }
            },
            {
                "threshold": 514,
                "model": {
                    "type": "model",
                    "model": "item/casino/slotmachine"
                }
            },
            {
                "threshold": 515,
                "model": {
                    "type": "model",
                    "model": "item/casino/blackjack/acer"
                }
            },
            {
                "threshold": 516,
                "model": {
                    "type": "model",
                    "model": "item/casino/blackjack/2r"
                }
            },
            {
                "threshold": 517,
                "model": {
                    "type": "model",
                    "model": "item/casino/blackjack/3r"
                }
            },
            {
                "threshold": 518,
                "model": {
                    "type": "model",
                    "model": "item/casino/blackjack/4r"
                }
            },
            {
                "threshold": 519,
                "model": {
                    "type": "model",
                    "model": "item/casino/blackjack/5r"
                }
            },
            {
                "threshold": 520,
                "model": {
                    "type": "model",
                    "model": "item/casino/blackjack/6r"
                }
            },
            {
                "threshold": 521,
                "model": {
                    "type": "model",
                    "model": "item/casino/blackjack/7r"
                }
            },
            {
                "threshold": 522,
                "model": {
                    "type": "model",
                    "model": "item/casino/blackjack/8r"
                }
            },
            {
                "threshold": 523,
                "model": {
                    "type": "model",
                    "model": "item/casino/blackjack/9r"
                }
            },
            {
                "threshold": 524,
                "model": {
                    "type": "model",
                    "model": "item/casino/blackjack/10r"
                }
            },
            {
                "threshold": 525,
                "model": {
                    "type": "model",
                    "model": "item/casino/blackjack/jr"
                }
            },
            {
                "threshold": 526,
                "model": {
                    "type": "model",
                    "model": "item/casino/blackjack/kr"
                }
            },
            {
                "threshold": 527,
                "model": {
                    "type": "model",
                    "model": "item/casino/blackjack/qr"
                }
            },
            {
                "threshold": 528,
                "model": {
                    "type": "model",
                    "model": "item/casino/blackjack/aceb"
                }
            },
            {
                "threshold": 529,
                "model": {
                    "type": "model",
                    "model": "item/casino/blackjack/2b"
                }
            },
            {
                "threshold": 530,
                "model": {
                    "type": "model",
                    "model": "item/casino/blackjack/3b"
                }
            },
            {
                "threshold": 531,
                "model": {
                    "type": "model",
                    "model": "item/casino/blackjack/4b"
                }
            },
            {
                "threshold": 532,
                "model": {
                    "type": "model",
                    "model": "item/casino/blackjack/5b"
                }
            },
            {
                "threshold": 533,
                "model": {
                    "type": "model",
                    "model": "item/casino/blackjack/6b"
                }
            },
            {
                "threshold": 534,
                "model": {
                    "type": "model",
                    "model": "item/casino/blackjack/7b"
                }
            },
            {
                "threshold": 535,
                "model": {
                    "type": "model",
                    "model": "item/casino/blackjack/8b"
                }
            },
            {
                "threshold": 536,
                "model": {
                    "type": "model",
                    "model": "item/casino/blackjack/9b"
                }
            },
            {
                "threshold": 537,
                "model": {
                    "type": "model",
                    "model": "item/casino/blackjack/10b"
                }
            },
            {
                "threshold": 538,
                "model": {
                    "type": "model",
                    "model": "item/casino/blackjack/jb"
                }
            },
            {
                "threshold": 539,
                "model": {
                    "type": "model",
                    "model": "item/casino/blackjack/kb"
                }
            },
            {
                "threshold": 540,
                "model": {
                    "type": "model",
                    "model": "item/casino/blackjack/qb"
                }
            },
            {
                "threshold": 541,
                "model": {
                    "type": "model",
                    "model": "item/casino/blackjack/flippedcard"
                }
            },
            {
                "threshold": 542,
                "model": {
                    "type": "model",
                    "model": "item/casino/crash/crash_stopped"
                }
            },
            {
                "threshold": 542,
                "model": {
                    "type": "model",
                    "model": "item/casino/crash/crash_player_left"
                }
            }
        ]
    }
}